id_drive,titulo_drive,nome_sugerido,trecho,ini_s,fim_s,descricao_trecho,uso_sugerido,local,local_confirmado,ambiente,acomodacao,area_hotel,atividades,pessoas,criancas,luz,camera,qualidade,duracao_s,resolucao,orientacao,data_gravacao,dono_imagem,a_confirmar,link
1dHFSi5BJR-VxsuKcx0Q_fKZKphtSUYn1,2026-02_canion-salobra_rio-turquesa-paredao_drone_01.mp4,2026-02_canion-salobra_rio-turquesa-paredao_drone_01.mp4,T1,0.0,5.6,"Abertura do cânion: rio turquesa em curva, paredão iluminado à direita, mata densa. Melhor quadro do vídeo.","gancho, fundo para texto",passeio externo: Cânion do Salobra,sim,aéreo (drone),,,passeio externo,sem pessoas,não,dia,drone,boa,39.07,2160x3840,vertical,2026-02-11,Ecotrip (agência),Direito de uso das imagens da Ecotrip no Instagram do hotel e se precisa de crédito,https://drive.google.com/file/d/1dHFSi5BJR-VxsuKcx0Q_fKZKphtSUYn1/view
1dHFSi5BJR-VxsuKcx0Q_fKZKphtSUYn1,2026-02_canion-salobra_rio-turquesa-paredao_drone_01.mp4,2026-02_canion-salobra_rio-turquesa-paredao_drone_01.mp4,T2,5.6,11.2,"Drone avança pelo cânion; rio aparece mais reto, paredão saindo de quadro.","meio, fundo para texto",passeio externo: Cânion do Salobra,sim,aéreo (drone),,,passeio externo,sem pessoas,não,dia,drone,boa,39.07,2160x3840,vertical,2026-02-11,Ecotrip (agência),Direito de uso das imagens da Ecotrip no Instagram do hotel e se precisa de crédito,https://drive.google.com/file/d/1dHFSi5BJR-VxsuKcx0Q_fKZKphtSUYn1/view
1dHFSi5BJR-VxsuKcx0Q_fKZKphtSUYn1,2026-02_canion-salobra_rio-turquesa-paredao_drone_01.mp4,2026-02_canion-salobra_rio-turquesa-paredao_drone_01.mp4,T3,11.2,16.7,"Rio turquesa no meio da mata, pequena corredeira; paredão escuro ao fundo.","meio, fundo para texto",passeio externo: Cânion do Salobra,sim,aéreo (drone),,,passeio externo,sem pessoas,não,dia,drone,boa,39.07,2160x3840,vertical,2026-02-11,Ecotrip (agência),Direito de uso das imagens da Ecotrip no Instagram do hotel e se precisa de crédito,https://drive.google.com/file/d/1dHFSi5BJR-VxsuKcx0Q_fKZKphtSUYn1/view
1dHFSi5BJR-VxsuKcx0Q_fKZKphtSUYn1,2026-02_canion-salobra_rio-turquesa-paredao_drone_01.mp4,2026-02_canion-salobra_rio-turquesa-paredao_drone_01.mp4,T4,16.7,22.3,"Corredeira mais visível, mata bem verde iluminada.",meio,passeio externo: Cânion do Salobra,sim,aéreo (drone),,,passeio externo,sem pessoas,não,dia,drone,boa,39.07,2160x3840,vertical,2026-02-11,Ecotrip (agência),Direito de uso das imagens da Ecotrip no Instagram do hotel e se precisa de crédito,https://drive.google.com/file/d/1dHFSi5BJR-VxsuKcx0Q_fKZKphtSUYn1/view
1dHFSi5BJR-VxsuKcx0Q_fKZKphtSUYn1,2026-02_canion-salobra_rio-turquesa-paredao_drone_01.mp4,2026-02_canion-salobra_rio-turquesa-paredao_drone_01.mp4,T5,22.3,27.9,Rio mais largo com corredeiras; começa a sombra.,meio,passeio externo: Cânion do Salobra,sim,aéreo (drone),,,passeio externo,sem pessoas,não,dia,drone,boa,39.07,2160x3840,vertical,2026-02-11,Ecotrip (agência),Direito de uso das imagens da Ecotrip no Instagram do hotel e se precisa de crédito,https://drive.google.com/file/d/1dHFSi5BJR-VxsuKcx0Q_fKZKphtSUYn1/view
1dHFSi5BJR-VxsuKcx0Q_fKZKphtSUYn1,2026-02_canion-salobra_rio-turquesa-paredao_drone_01.mp4,2026-02_canion-salobra_rio-turquesa-paredao_drone_01.mp4,T6,27.9,33.5,"Sombra do paredão: imagem escura, rio pouco visível.",não usar,passeio externo: Cânion do Salobra,sim,aéreo (drone),,,passeio externo,sem pessoas,não,dia,drone,escura,39.07,2160x3840,vertical,2026-02-11,Ecotrip (agência),Direito de uso das imagens da Ecotrip no Instagram do hotel e se precisa de crédito,https://drive.google.com/file/d/1dHFSi5BJR-VxsuKcx0Q_fKZKphtSUYn1/view
1dHFSi5BJR-VxsuKcx0Q_fKZKphtSUYn1,2026-02_canion-salobra_rio-turquesa-paredao_drone_01.mp4,2026-02_canion-salobra_rio-turquesa-paredao_drone_01.mp4,T7,33.5,39.1,"Muito escuro, quase só mata.",não usar,passeio externo: Cânion do Salobra,sim,aéreo (drone),,,passeio externo,sem pessoas,não,dia,drone,escura,39.07,2160x3840,vertical,2026-02-11,Ecotrip (agência),Direito de uso das imagens da Ecotrip no Instagram do hotel e se precisa de crédito,https://drive.google.com/file/d/1dHFSi5BJR-VxsuKcx0Q_fKZKphtSUYn1/view
1qtYBsipAVXvjZ0s7BpvvxBvDAPeGXjR0,2026-02_canion-salobra_caiaque-deck_drone_02.mp4,2026-02_canion-salobra_caiaque-deck_drone_02.mp4,T1,0.0,5.9,"Paredão no alto, rio turquesa com corredeira em primeiro plano. Sem pessoas visíveis.","gancho, fundo para texto",passeio externo: Cânion do Salobra,sim,aéreo (drone),,,"passeio externo, caiaque",sem pessoas,não,dia,drone,boa,29.56,2160x3840,vertical,2026-02-11,Ecotrip (agência),Direito de uso das imagens da Ecotrip no Instagram do hotel e se precisa de crédito | Autorização de imagem das pessoas ao longe (sem rosto identificável),https://drive.google.com/file/d/1qtYBsipAVXvjZ0s7BpvvxBvDAPeGXjR0/view
1qtYBsipAVXvjZ0s7BpvvxBvDAPeGXjR0,2026-02_canion-salobra_caiaque-deck_drone_02.mp4,2026-02_canion-salobra_caiaque-deck_drone_02.mp4,T2,5.9,11.8,"Mesmo plano, drone recua; corredeira sai de quadro.",meio,passeio externo: Cânion do Salobra,sim,aéreo (drone),,,"passeio externo, caiaque",sem pessoas,não,dia,drone,boa,29.56,2160x3840,vertical,2026-02-11,Ecotrip (agência),Direito de uso das imagens da Ecotrip no Instagram do hotel e se precisa de crédito | Autorização de imagem das pessoas ao longe (sem rosto identificável),https://drive.google.com/file/d/1qtYBsipAVXvjZ0s7BpvvxBvDAPeGXjR0/view
1qtYBsipAVXvjZ0s7BpvvxBvDAPeGXjR0,2026-02_canion-salobra_caiaque-deck_drone_02.mp4,2026-02_canion-salobra_caiaque-deck_drone_02.mp4,T3,11.8,17.7,"Caiaques amarelos e pessoas pequenas no deck da margem, sob o paredão. Mostra a aventura.",meio,passeio externo: Cânion do Salobra,sim,aéreo (drone),,,caiaque,pessoas ao longe (sem rosto),não,dia,drone,boa,29.56,2160x3840,vertical,2026-02-11,Ecotrip (agência),Direito de uso das imagens da Ecotrip no Instagram do hotel e se precisa de crédito | Autorização de imagem das pessoas ao longe (sem rosto identificável),https://drive.google.com/file/d/1qtYBsipAVXvjZ0s7BpvvxBvDAPeGXjR0/view
1qtYBsipAVXvjZ0s7BpvvxBvDAPeGXjR0,2026-02_canion-salobra_caiaque-deck_drone_02.mp4,2026-02_canion-salobra_caiaque-deck_drone_02.mp4,T4,17.7,23.6,Paredão grande e rio na base; caiaques amarelos no canto inferior.,"meio, fundo para texto",passeio externo: Cânion do Salobra,sim,aéreo (drone),,,caiaque,sem pessoas,não,dia,drone,boa,29.56,2160x3840,vertical,2026-02-11,Ecotrip (agência),Direito de uso das imagens da Ecotrip no Instagram do hotel e se precisa de crédito | Autorização de imagem das pessoas ao longe (sem rosto identificável),https://drive.google.com/file/d/1qtYBsipAVXvjZ0s7BpvvxBvDAPeGXjR0/view
1qtYBsipAVXvjZ0s7BpvvxBvDAPeGXjR0,2026-02_canion-salobra_caiaque-deck_drone_02.mp4,2026-02_canion-salobra_caiaque-deck_drone_02.mp4,T5,23.6,29.6,Drone gira: paredão à esquerda e rio turquesa em diagonal na mata.,"fecho, fundo para texto",passeio externo: Cânion do Salobra,sim,aéreo (drone),,,"passeio externo, caiaque",sem pessoas,não,dia,drone,boa,29.56,2160x3840,vertical,2026-02-11,Ecotrip (agência),Direito de uso das imagens da Ecotrip no Instagram do hotel e se precisa de crédito | Autorização de imagem das pessoas ao longe (sem rosto identificável),https://drive.google.com/file/d/1qtYBsipAVXvjZ0s7BpvvxBvDAPeGXjR0/view
1M1YiS8EO5-2gxtDq_MtX7ljp6fCJyQYG,IMG_6886.MOV,2026-10_deck_fogueira-entardecer_celular_01.mov,T1,0.0,4.2,"Entrada pelo poste de luz: banco em L, fogueira acesa e banco curvo com almofadas ao fundo.","gancho, fundo para texto",hotel: ,não,externo,,a confirmar,nenhuma,sem pessoas,não,fim de tarde,celular na mão,boa,8.34,1080x1920,vertical,2026-10-08,a confirmar,"É uma área do Hotel Cabanas? Qual o nome do espaço (ex.: deck da fogueira) e onde fica? | Quando a fogueira é acesa (dias, horário) e se é para todos os hóspedes, sem custo? | Quem gravou (direito de uso: Hotel Cabanas?)",https://drive.google.com/file/d/1M1YiS8EO5-2gxtDq_MtX7ljp6fCJyQYG/view
1M1YiS8EO5-2gxtDq_MtX7ljp6fCJyQYG,IMG_6886.MOV,2026-10_deck_fogueira-entardecer_celular_01.mov,T2,4.2,8.3,"Câmera vira para a direita sob as palmeiras: bancos de madeira, fogueira e trilha de pedrisco.",meio,hotel: ,não,externo,,a confirmar,nenhuma,sem pessoas,não,fim de tarde,celular na mão,boa,8.34,1080x1920,vertical,2026-10-08,a confirmar,"É uma área do Hotel Cabanas? Qual o nome do espaço (ex.: deck da fogueira) e onde fica? | Quando a fogueira é acesa (dias, horário) e se é para todos os hóspedes, sem custo? | Quem gravou (direito de uso: Hotel Cabanas?)",https://drive.google.com/file/d/1M1YiS8EO5-2gxtDq_MtX7ljp6fCJyQYG/view
1kCmyuR6ytHHh9Lakvr2YjG5LuNmPggGp,IMG_6887.MOV,2026-10_deck_fogueira-entardecer_celular_02.mov,T1,0.0,6.2,"Entrada pelo poste: banco em L em primeiro plano, fogueira acesa e banco curvo iluminado ao fundo.","gancho, fundo para texto",hotel: ,não,externo,,a confirmar,nenhuma,sem pessoas,não,fim de tarde,celular na mão,boa,12.41,1080x1920,vertical,2026-10-08,a confirmar,"É uma área do Hotel Cabanas? Qual o nome do espaço (ex.: deck da fogueira) e onde fica? | Quando a fogueira é acesa (dias, horário) e se é para todos os hóspedes, sem custo? | Quem gravou (direito de uso: Hotel Cabanas?)",https://drive.google.com/file/d/1kCmyuR6ytHHh9Lakvr2YjG5LuNmPggGp/view
1kCmyuR6ytHHh9Lakvr2YjG5LuNmPggGp,IMG_6887.MOV,2026-10_deck_fogueira-entardecer_celular_02.mov,T2,6.2,12.4,"Giro sob as palmeiras: bancos de madeira, fogueira ao fundo e trilha de pedrisco com poste aceso.","meio, fecho",hotel: ,não,externo,,a confirmar,nenhuma,sem pessoas,não,fim de tarde,celular na mão,boa,12.41,1080x1920,vertical,2026-10-08,a confirmar,"É uma área do Hotel Cabanas? Qual o nome do espaço (ex.: deck da fogueira) e onde fica? | Quando a fogueira é acesa (dias, horário) e se é para todos os hóspedes, sem custo? | Quem gravou (direito de uso: Hotel Cabanas?)",https://drive.google.com/file/d/1kCmyuR6ytHHh9Lakvr2YjG5LuNmPggGp/view
1huO9s17AGy2Gy1yngEAlDvRurhz52llT,IMG_6888.MOV,2026-10_deck_fogueira-entardecer_celular_03.mov,T1,0.0,6.7,"Aproximação até o close da fogueira acesa, banco curvo com almofadas ao fundo.","gancho, fundo para texto",hotel: ,não,externo,,a confirmar,nenhuma,sem pessoas,não,fim de tarde,celular na mão,boa,13.48,1080x1920,vertical,2026-10-08,a confirmar,"É uma área do Hotel Cabanas? Qual o nome do espaço (ex.: deck da fogueira) e onde fica? | Quando a fogueira é acesa (dias, horário) e se é para todos os hóspedes, sem custo? | Quem gravou (direito de uso: Hotel Cabanas?) | Adulto que aparece no fim (T2): pode aparecer no Instagram?",https://drive.google.com/file/d/1huO9s17AGy2Gy1yngEAlDvRurhz52llT/view
1huO9s17AGy2Gy1yngEAlDvRurhz52llT,IMG_6888.MOV,2026-10_deck_fogueira-entardecer_celular_03.mov,T2,6.7,13.5,"Fogo em primeiro plano, depois afasta para os bancos e o quiosque de sapê; adulto em pé ao longe no fim.",meio,hotel: ,não,externo,,a confirmar,nenhuma,pessoas ao longe (sem rosto),não,fim de tarde,celular na mão,boa,13.48,1080x1920,vertical,2026-10-08,a confirmar,"É uma área do Hotel Cabanas? Qual o nome do espaço (ex.: deck da fogueira) e onde fica? | Quando a fogueira é acesa (dias, horário) e se é para todos os hóspedes, sem custo? | Quem gravou (direito de uso: Hotel Cabanas?) | Adulto que aparece no fim (T2): pode aparecer no Instagram?",https://drive.google.com/file/d/1huO9s17AGy2Gy1yngEAlDvRurhz52llT/view
1nN6sJKz7V1HlyjGTHE_Of-SEqZX_4F96,IMG_6889.MOV,2026-10_deck_fogueira-entardecer_celular_04.mov,T1,0.0,6.1,"Close do fogo e afastamento: fogueira acesa no centro do deck, banco curvo iluminado atrás.",gancho,hotel: ,não,externo,,a confirmar,nenhuma,sem pessoas,não,fim de tarde,celular na mão,boa,18.42,1080x1920,vertical,2026-10-08,a confirmar,"É uma área do Hotel Cabanas? Qual o nome do espaço (ex.: deck da fogueira) e onde fica? | Quando a fogueira é acesa (dias, horário) e se é para todos os hóspedes, sem custo? | Quem gravou (direito de uso: Hotel Cabanas?)",https://drive.google.com/file/d/1nN6sJKz7V1HlyjGTHE_Of-SEqZX_4F96/view
1nN6sJKz7V1HlyjGTHE_Of-SEqZX_4F96,IMG_6889.MOV,2026-10_deck_fogueira-entardecer_celular_04.mov,T2,6.1,12.3,Passeio ao longo do banco curvo com almofadas e a faixa de luz; fogueira à direita. Leve tremor.,meio,hotel: ,não,externo,,a confirmar,nenhuma,sem pessoas,não,fim de tarde,celular na mão,tremida,18.42,1080x1920,vertical,2026-10-08,a confirmar,"É uma área do Hotel Cabanas? Qual o nome do espaço (ex.: deck da fogueira) e onde fica? | Quando a fogueira é acesa (dias, horário) e se é para todos os hóspedes, sem custo? | Quem gravou (direito de uso: Hotel Cabanas?)",https://drive.google.com/file/d/1nN6sJKz7V1HlyjGTHE_Of-SEqZX_4F96/view
1nN6sJKz7V1HlyjGTHE_Of-SEqZX_4F96,IMG_6889.MOV,2026-10_deck_fogueira-entardecer_celular_04.mov,T3,12.3,18.4,"Fogueira, bancos de madeira e quiosque de sapê sob as palmeiras.","meio, fecho",hotel: ,não,externo,,a confirmar,nenhuma,sem pessoas,não,fim de tarde,celular na mão,boa,18.42,1080x1920,vertical,2026-10-08,a confirmar,"É uma área do Hotel Cabanas? Qual o nome do espaço (ex.: deck da fogueira) e onde fica? | Quando a fogueira é acesa (dias, horário) e se é para todos os hóspedes, sem custo? | Quem gravou (direito de uso: Hotel Cabanas?)",https://drive.google.com/file/d/1nN6sJKz7V1HlyjGTHE_Of-SEqZX_4F96/view
1SfYfzbWNTNIcF3oq7He0L0BR2Rtmwj60,IMG_6890.MOV,2026-10_deck_fogueira-entardecer_celular_05.mov,T1,0.0,6.5,Fogo visto de cima e afastamento até o deck com o banco curvo iluminado.,"gancho, fundo para texto",hotel: ,não,externo,,a confirmar,nenhuma,sem pessoas,não,fim de tarde,celular na mão,boa,19.35,1080x1920,vertical,2026-10-08,a confirmar,"É uma área do Hotel Cabanas? Qual o nome do espaço (ex.: deck da fogueira) e onde fica? | Quando a fogueira é acesa (dias, horário) e se é para todos os hóspedes, sem custo? | Quem gravou (direito de uso: Hotel Cabanas?)",https://drive.google.com/file/d/1SfYfzbWNTNIcF3oq7He0L0BR2Rtmwj60/view
1SfYfzbWNTNIcF3oq7He0L0BR2Rtmwj60,IMG_6890.MOV,2026-10_deck_fogueira-entardecer_celular_05.mov,T2,6.5,12.9,Passeio ao longo do banco curvo com almofadas; fogueira no centro. Leve tremor.,meio,hotel: ,não,externo,,a confirmar,nenhuma,sem pessoas,não,fim de tarde,celular na mão,tremida,19.35,1080x1920,vertical,2026-10-08,a confirmar,"É uma área do Hotel Cabanas? Qual o nome do espaço (ex.: deck da fogueira) e onde fica? | Quando a fogueira é acesa (dias, horário) e se é para todos os hóspedes, sem custo? | Quem gravou (direito de uso: Hotel Cabanas?)",https://drive.google.com/file/d/1SfYfzbWNTNIcF3oq7He0L0BR2Rtmwj60/view
1SfYfzbWNTNIcF3oq7He0L0BR2Rtmwj60,IMG_6890.MOV,2026-10_deck_fogueira-entardecer_celular_05.mov,T3,12.9,19.4,"Bancos de madeira, quiosque de sapê e pergolado com poste aceso.",fecho,hotel: ,não,externo,,a confirmar,nenhuma,sem pessoas,não,fim de tarde,celular na mão,boa,19.35,1080x1920,vertical,2026-10-08,a confirmar,"É uma área do Hotel Cabanas? Qual o nome do espaço (ex.: deck da fogueira) e onde fica? | Quando a fogueira é acesa (dias, horário) e se é para todos os hóspedes, sem custo? | Quem gravou (direito de uso: Hotel Cabanas?)",https://drive.google.com/file/d/1SfYfzbWNTNIcF3oq7He0L0BR2Rtmwj60/view
