Post,Data,Dia,Horário,Formato,Tema,Arquivos da arte (repositório),Legenda final (com hashtags),Status
POST 01,06/10,terça,18h,carrossel,Uma terça na altura das árvores (Cabana Casal v3),"design/pecas/2026-10-instagram/POST-01/final/POST-01-1.png, POST-01-2.png, POST-01-3.png, POST-01-4.png, POST-01-5.png","Uma terça-feira a 3 metros do chão, na Cabana Casal.

A Cabana Casal é toda em madeira, elevada a 3 m do solo, com acesso por escada. São 30 m², com cama king, varanda privativa com rede e garagem privativa embaixo.

Na diária: café da manhã (das 6h30 às 9h30), piscina climatizada, hidromassagem aquecida e sauna (das 7h às 22h) e a programação diária com monitor: arco e flecha e trilhas com tirolesa, caiaque e stand up paddle. Os horários podem variar conforme a temporada.

De domingo a quinta, o hotel fica mais tranquilo. E, no fim de novembro e na 1ª quinzena de dezembro, Bonito está na baixa temporada (fora os feriados). Uma boa hora para ir a dois, sem pressa.

As pétalas da foto 4 são a decoração especial (opcional), contratada antes do check-in pelo WhatsApp.
A Cabana Casal não acomoda crianças menores de 5 anos.

Reserve direto: nossos valores já têm desconto para quem reserva direto.
sbreserva.silbeck.com.br/hotelcabanas · WhatsApp (67) 99117-1648

#hotelcabanasbonito #bonitoms #bonitomatogrossodosul #turismodenatureza #viagemadois",aguardando aprovação do dono
POST 02,08/10,quinta,18h,reels,A programação inclusa não tira folga,Reels: vídeo da produtora ou plano B de fotos (em produção),"Terça-feira, 8h30: o arco e flecha começa. E já está na sua diária.

A programação diária com monitor, inclusa para os hóspedes:
8h30 às 9h30: arco e flecha
14h às 15h: trilha no Rio Formosinho com tirolesa, stand up paddle e decks de banho
15h30 às 17h: trilha no Rio Formoso com caiaque, stand up paddle e decks de banho

Os horários podem variar conforme a temporada.

A programação não tira folga no meio da semana. Venha de domingo a quinta, no fim de novembro ou na 1ª quinzena de dezembro (baixa temporada em Bonito, fora os feriados).

Reserve direto: nossos valores já têm desconto para quem reserva direto.
sbreserva.silbeck.com.br/hotelcabanas · WhatsApp (67) 99117-1648

#hotelcabanasbonito #bonitoms #matogrossodosul #ecoturismo #turismodeaventura",aguardando vídeo
POST 03,10/10,sábado,9h,carrossel,"20 de novembro entre dois rios, e por que não até segunda?","design/pecas/2026-10-instagram/POST-03/final/POST-03-1.png, POST-03-2.png, POST-03-3.png, POST-03-4.png, POST-03-5.png","O feriado de 20 de novembro cai numa sexta. E se a volta ficar para segunda?

Sexta: check-in a partir das 15h e piscina climatizada até as 22h.
Sábado: arco e flecha às 8h30, com monitor, incluso. Arvorismo com 18 obstáculos e tirolesa aquática no Rio Formoso (opcional; a partir de 5 anos e 1,15 m).
Domingo: dia livre, com trilhas de acesso livre, decks à margem dos dois rios e piscina climatizada até as 22h.
Segunda: café da manhã incluso (das 6h30 às 9h30) e check-out até as 13h. Depois dele, você pode seguir usando a estrutura: temos vestiários, duchas e guarda-volumes.

Tudo isso no único hotel de Bonito cercado por dois rios, o Formoso e o Formosinho.
Os horários da programação podem variar conforme a temporada.

Reserve direto: nossos valores já têm desconto para quem reserva direto.
sbreserva.silbeck.com.br/hotelcabanas · WhatsApp (67) 99117-1648

#hotelcabanasbonito #bonitoms #bonitomatogrossodosul #turismodenatureza #feriadoembonito",aguardando aprovação do dono
POST 14,11/10,domingo,18h,carrossel,"5 motivos para se hospedar no Hotel Cabanas (extra, pedido do dono)",design/pecas/2026-10-instagram/POST-14/final/,"5 motivos para desacelerar no Hotel Cabanas, em Bonito/MS. Salva para a sua próxima viagem.

1. Entre dois rios: somos o único hotel de Bonito cercado por dois rios, o Formoso e o Formosinho, em 40 hectares de área verde. Trilhas e decks de banho à margem dos dois rios, dentro do hotel, com acesso livre o dia todo.

2. Na altura das árvores: as cabanas suspensas de madeira são o cartão-postal do hotel. A Cabana Casal e a Tripla ficam elevadas a 3 m do solo, com varanda privativa com rede. A Cabana Master, também elevada, tem 85 m², banheira de hidromassagem para 2 e é a cabana que recebe crianças menores de 5 anos (a Casal e a Tripla não acomodam).

3. A aventura vem na diária: arco e flecha e trilhas com tirolesa, stand up paddle e caiaque, com monitor, inclusos para os hóspedes. Os horários podem variar conforme a temporada.

4. Descanso de verdade: piscina climatizada, hidromassagem aquecida e sauna a vapor, das 7h às 22h, todos os dias.

5. 25 anos de família: o hotel nasceu em 2001, com Gilberto e Cleodete, e hoje é cuidado pela segunda geração, Renata e Ricardo. Ficamos a 6 km do centro, com todo o acesso em asfalto, e o café da manhã está incluso (das 6h30 às 9h30).

De domingo a quinta, o hotel fica mais tranquilo: um bom jeito de viver tudo isso sem pressa.

Reserve direto: nossos valores já têm desconto para quem reserva direto.
sbreserva.silbeck.com.br/hotelcabanas · WhatsApp (67) 99117-1648

#hotelcabanasbonito #bonitoms #bonitomatogrossodosul #turismodenatureza #natureza","Publicado em 28/09/2026 às 9h17 (Brasília), antecipado a pedido do dono · https://www.instagram.com/p/Dd1Kh1SDqaz/"
POST 04,13/10,terça,18h,imagem,"Bonito, sem pressa",design/pecas/2026-10-instagram/POST-04/final/POST-04-1.png,"Uma rede no deck, o Rio Formosinho ao lado e nenhum horário para cumprir.

Somos o único hotel de Bonito cercado por dois rios, o Formoso e o Formosinho: são 40 hectares de área verde, a 6 km do centro, com todo o acesso em asfalto.
Trilhas e decks de banho à margem dos dois rios, dentro do hotel, com acesso livre o dia todo.
Piscina climatizada, hidromassagem aquecida e sauna das 7h às 22h, e café da manhã incluso.

De domingo a quinta, o hotel fica mais tranquilo. No fim de novembro, na 1ª quinzena de dezembro e de fevereiro a abril (fora os feriados), Bonito está na baixa temporada. É o nosso jeito preferido de viver o hotel: sem pressa.

Salva para a sua próxima viagem. E, quando decidir, reserve direto: nossos valores já têm desconto para quem reserva direto.
sbreserva.silbeck.com.br/hotelcabanas · WhatsApp (67) 99117-1648

#hotelcabanasbonito #bonitoms #matogrossodosul #turismodenatureza #natureza",aguardando aprovação do dono
POST 05,15/10,quinta,18h,reels,Uma quarta a dois na Cabana Master,Reels: vídeo da produtora ou plano B de fotos (em produção),"Quarta-feira, meio da tarde, banheira de hidromassagem para dois. Na Cabana Master.

A Cabana Master é a nossa maior acomodação: 85 m², elevada do chão, com dois ambientes.
É a única do hotel com banheira de hidromassagem para 2 pessoas.
A varanda é ampla, com mesa, cadeiras e balanço. Embaixo, estacionamento coberto para 2 carros.
Café da manhã incluso, das 6h30 às 9h30.

Para noites de domingo a quinta, no fim de novembro e na 1ª quinzena de dezembro (baixa temporada em Bonito, fora os feriados).

Reserve direto: nossos valores já têm desconto para quem reserva direto.
sbreserva.silbeck.com.br/hotelcabanas · WhatsApp (67) 99117-1648

#hotelcabanasbonito #bonitoms #bonitomatogrossodosul #turismobrasil #viagemadois",aguardando vídeo
POST 06,17/10,sábado,9h,carrossel,Uma quarta-feira em cinco sentidos,"design/pecas/2026-10-instagram/POST-06/final/POST-06-1.png, POST-06-2.png, POST-06-3.png, POST-06-4.png, POST-06-5.png, POST-06-6.png","Sabor, calor, som, vapor e balanço: uma quarta-feira qualquer no Hotel Cabanas.

Sabor: café da manhã incluso, das 6h30 às 9h30.
Calor: hidromassagem aquecida, das 7h às 22h.
Som: decks à margem do Rio Formosinho, dentro do hotel, com acesso livre o dia todo.
Vapor: sauna a vapor, das 7h às 22h.
Balanço: o redário, perto do rio.

Tudo isso está na diária. E dá para aproveitar mesmo com chuva, que em Bonito costuma aparecer de outubro a março.
Venha de domingo a quinta, quando o hotel fica mais tranquilo: no fim de novembro, na 1ª quinzena de dezembro ou de fevereiro a abril (fora os feriados).

Reserve direto: nossos valores já têm desconto para quem reserva direto.
sbreserva.silbeck.com.br/hotelcabanas · WhatsApp (67) 99117-1648

#hotelcabanasbonito #bonitoms #matogrossodosul #turismodenatureza #viagemadois",aguardando aprovação do dono
POST 07,20/10,terça,18h,carrossel,"Dezembro antes da pressa, de domingo a quinta","design/pecas/2026-10-instagram/POST-07/final/POST-07-1.png, POST-07-2.png, POST-07-3.png, POST-07-4.png, POST-07-5.png, POST-07-6.png","A 1ª quinzena de dezembro ainda é baixa temporada em Bonito. E, de domingo a quinta, o hotel fica mais tranquilo: a agenda é sua.

Piscina climatizada, hidromassagem aquecida e sauna a vapor, das 7h às 22h, todos os dias.
Trilhas e decks à margem do Formoso e do Formosinho, dentro do hotel, com acesso livre o dia todo.
Café da manhã incluso, das 6h30 às 9h30, e restaurante à la carte no jantar. Não servimos almoço: a lanchonete tem lanches e porções (à parte).

O Bangalô é de alvenaria, elevado do chão e não divide paredes com outra acomodação. Tem 40 m², para 2 a 4 pessoas, e varanda privativa com mesa, cadeiras, rede e vista para a natureza.

Reserve direto: nossos valores já têm desconto para quem reserva direto.
sbreserva.silbeck.com.br/hotelcabanas · WhatsApp (67) 99117-1648

#hotelcabanasbonito #bonitoms #bonitomatogrossodosul #turismodenatureza #trilhas",aguardando aprovação do dono
POST 08,22/10,quinta,18h,reels,"Aqui, os primeiros moradores são eles",Reels: vídeo da produtora ou plano B de fotos (em produção),"Aqui, os primeiros moradores são eles.

São 40 hectares de área verde entre o Rio Formoso e o Rio Formosinho. Na mata do hotel vivem macacos, araras, cotias, quatis e tatus, entre outros.
Não prometemos encontros: eles aparecem quando querem, e a mata é deles.

É por causa desses animais silvestres que não aceitamos pets no hotel.

Há 25 anos, somos uma família cuidando deste lugar. Hoje, a segunda geração tem um biólogo, o Ricardo. Aqui vivemos o que vendemos.

De domingo a quinta, na baixa temporada (fim de novembro, 1ª quinzena de dezembro e de fevereiro a abril, fora os feriados), as trilhas estão esperando você.
Reserve direto: sbreserva.silbeck.com.br/hotelcabanas · WhatsApp (67) 99117-1648

#hotelcabanasbonito #bonitoms #matogrossodosul #ecoturismo #natureza",aguardando vídeo
POST 09,24/10,sábado,9h,imagem,A natureza é a nossa casa,design/pecas/2026-10-instagram/POST-09/final/POST-09-1.png,"Para nós, a natureza não é o cenário do hotel. É a nossa casa.

São 40 hectares de área verde entre o Rio Formoso e o Rio Formosinho: somos o único hotel de Bonito cercado por dois rios.
À frente do hotel, uma família há 25 anos e um biólogo na segunda geração. Aqui vivemos o que vendemos.
No dia a dia, isso é coleta seletiva, compostagem e nenhum copo descartável.

Na foto, o caiaque no Rio Formoso, que faz parte da programação inclusa com monitor.

Venha conhecer de domingo a quinta, na baixa temporada: fim de novembro, 1ª quinzena de dezembro e de fevereiro a abril (fora os feriados).
Reserve direto: sbreserva.silbeck.com.br/hotelcabanas · WhatsApp (67) 99117-1648

#hotelcabanasbonito #bonitoms #bonitomatogrossodosul #ecoturismo #rioformoso",aguardando aprovação do dono
POST 13,25/10,domingo,18h,imagem,"A varanda é de vocês (extra, pedido do dono)",design/pecas/2026-10-instagram/POST-13/final/POST-13-1.png,"Fim de tarde, uma varanda de madeira e a mata em volta. Ninguém olhando o relógio.

A cabana suspensa nasceu de uma ideia dos nossos fundadores, Gilberto e Cleodete, inspirada numa estrutura que eles tinham no sítio da família. A proposta era simples: dormir na altura das árvores, com privacidade e respeito à natureza.
Em volta, 40 hectares de área verde entre o Rio Formoso e o Rio Formosinho.

Na diária: café da manhã (das 6h30 às 9h30), piscina climatizada, hidromassagem aquecida e sauna (das 7h às 22h) e a programação diária com monitor.
Para fechar o dia a dois, dá para reservar o piquenique ao pôr do sol num deck à margem do Rio Formosinho (opcional, pelo WhatsApp de reservas).

De domingo a quinta, o ritmo por aqui é outro. Na 1ª quinzena de dezembro e de fevereiro a abril, Bonito está na baixa temporada (fora os feriados).

Manda para quem vai com você. E reserve direto: nossos valores já têm desconto para quem reserva direto.
sbreserva.silbeck.com.br/hotelcabanas · WhatsApp (67) 99117-1648

#hotelcabanasbonito #bonitoms #matogrossodosul #turismodenatureza #viagemadois",aguardando aprovação do dono
POST 10,27/10,terça,18h,carrossel,"Bonito sem pressa: 4 noites, de domingo a quinta","design/pecas/2026-10-instagram/POST-10/final/POST-10-1.png, POST-10-2.png, POST-10-3.png, POST-10-4.png, POST-10-5.png, POST-10-6.png","Quatro noites em Bonito, de domingo a quinta, quando o hotel fica mais tranquilo. Um roteiro possível, sem pressa.

Domingo: check-in a partir das 15h, piscina climatizada e sauna até as 22h.
Segunda: arco e flecha às 8h30 e, às 14h, trilha no Rio Formosinho com tirolesa, com monitor, inclusos na diária.
Terça: arvorismo com 18 obstáculos e tirolesa aquática no Rio Formoso (opcional; a partir de 5 anos e 1,15 m) e, à tarde, trilha com caiaque ou stand up paddle, inclusa.
Quarta: dia para os passeios de Bonito. O centro fica a 6 km, com todo o acesso em asfalto.
Quinta: café da manhã incluso (das 6h30 às 9h30) e check-out até as 13h. Depois, você pode seguir usando a estrutura: temos vestiários, duchas e guarda-volumes.

Os horários da programação podem variar conforme a temporada.
Para o fim de novembro e a 1ª quinzena de dezembro, baixa temporada em Bonito (fora os feriados).

Reserve direto: nossos valores já têm desconto para quem reserva direto.
sbreserva.silbeck.com.br/hotelcabanas · WhatsApp (67) 99117-1648

#hotelcabanasbonito #bonitoms #matogrossodosul #viagembrasil #turismodeaventura",aguardando aprovação do dono
POST 11,29/10,quinta,18h,reels,Uma quarta-feira qualquer entre dois rios,Reels: vídeo da produtora ou plano B de fotos (em produção),"Café sem despertador, rede na varanda, deck do Formosinho, redário e piscina. Uma quarta-feira qualquer por aqui.

Café da manhã incluso, das 6h30 às 9h30.
Rede na varanda privativa das Cabanas Casal e Tripla e dos Bangalôs.
Decks à margem do Rio Formosinho e redário perto do rio, dentro do hotel, com acesso livre o dia todo.
Piscina climatizada das 7h às 22h.

Somos o único hotel de Bonito cercado por dois rios, o Formoso e o Formosinho.
De domingo a quinta, o hotel fica mais tranquilo. Para o fim de novembro, a 1ª quinzena de dezembro e de fevereiro a abril (baixa temporada em Bonito, fora os feriados).

Manda para quem vai com você. E, para reservar direto (nossos valores já têm desconto): sbreserva.silbeck.com.br/hotelcabanas · WhatsApp (67) 99117-1648

#hotelcabanasbonito #bonitoms #bonitomatogrossodosul #turismodenatureza #viagemadois",aguardando vídeo
POST 12,31/10,sábado,9h,imagem,8h30: a aventura que não depende do rio,design/pecas/2026-10-instagram/POST-12/final/POST-12-1.png,"Todo dia, às 8h30, tem arco e flecha com monitor. A aventura começa em terra firme.

O arco e flecha faz parte da programação diária inclusa na sua diária, das 8h30 às 9h30. À tarde, as trilhas seguem para os rios, com tirolesa, caiaque e stand up paddle (os horários podem variar conforme a temporada).
E, nos dias de chuva, a estadia continua: piscina climatizada, hidromassagem aquecida, sauna, academia e salão de jogos, das 7h às 22h.

Tudo isso no único hotel de Bonito cercado por dois rios, a 6 km do centro.
De domingo a quinta, no fim de novembro, na 1ª quinzena de dezembro ou de fevereiro a abril (baixa temporada em Bonito, fora os feriados).

Reserve direto: nossos valores já têm desconto para quem reserva direto.
sbreserva.silbeck.com.br/hotelcabanas · WhatsApp (67) 99117-1648

#hotelcabanasbonito #bonitoms #matogrossodosul #ecoturismo #turismodeaventura",aguardando aprovação do dono
